Math Score,English Score,Science Score,Internal Assessment,Attendance Percentage,Late Submission Count,Participation,Assignment Completion Rate,Study Hours per Week,Performance Class
81,65,76,37,79,1,Medium,65,9,1
44,95,82,16,94,6,Low,95,3,2
90,63,75,11,67,14,Medium,96,29,3
50,65,42,33,63,7,High,62,17,3
53,35,66,13,85,11,High,95,14,3
32,68,53,28,85,6,Low,91,8,2
51,71,31,35,69,13,Low,87,17,3
82,87,43,20,68,6,High,59,8,3
31,41,39,49,94,11,Low,84,28,3
59,32,64,20,93,14,High,41,15,3
67,47,54,12,56,13,High,63,15,3
31,69,32,21,93,4,Medium,70,13,3
93,50,46,12,53,1,Low,66,2,3
89,44,41,36,83,5,High,41,2,2
50,55,83,11,51,3,Low,96,13,3
62,37,53,25,54,9,Medium,53,21,3
87,71,58,11,59,1,Medium,43,22,3
51,73,72,39,81,11,Low,88,16,3
78,43,54,29,91,8,Low,52,5,2
88,31,89,47,90,6,High,75,8,1
71,66,94,37,62,5,Medium,74,17,3
89,98,57,34,88,11,Medium,83,4,3
44,67,45,41,54,4,Medium,93,8,3
91,70,76,19,59,2,Low,94,25,3
91,91,87,49,59,11,High,47,23,3
76,89,56,42,87,14,Low,41,7,3
91,43,82,22,76,14,Low,45,17,3
80,31,71,46,70,9,Low,70,25,3
84,99,88,25,57,9,High,93,9,3
93,46,76,31,50,3,Low,49,24,3
32,57,63,29,77,2,Medium,83,23,2
80,95,66,36,98,11,Medium,60,7,3
36,64,35,25,88,10,Medium,81,11,3
50,34,36,43,63,7,High,49,17,3
68,94,54,41,70,2,Low,62,12,1
47,69,62,35,79,6,High,42,14,2
33,85,84,34,70,6,Low,71,7,1
89,65,87,11,98,6,Medium,59,25,1
43,74,36,21,58,12,Low,49,2,3
38,52,86,49,66,6,Low,68,22,3
82,76,41,18,54,13,Low,80,20,3
31,60,45,21,80,1,High,91,13,3
89,40,72,35,89,9,Low,90,25,3
73,39,36,18,87,2,Low,85,28,3
37,96,80,19,92,9,Low,73,7,3
76,43,61,41,68,8,High,76,19,3
64,39,37,43,85,2,High,59,14,2
65,30,74,29,99,1,High,47,8,2
79,34,88,48,82,8,Low,46,24,1
33,49,33,11,62,12,Medium,45,14,3
31,37,96,10,63,9,Medium,50,22,3
35,72,58,45,82,8,Medium,83,9,2
83,30,58,33,78,3,Low,57,22,2
33,86,57,36,92,13,Medium,90,18,3
83,93,73,11,98,11,Medium,81,10,3
92,57,33,40,85,8,Medium,96,21,2
47,66,38,23,93,2,Low,68,14,3
73,76,34,11,59,6,Medium,64,3,3
63,66,85,38,80,6,Medium,60,5,1
91,78,79,24,55,14,Low,85,26,3
43,73,44,21,50,10,High,42,3,3
77,85,61,46,56,7,Medium,57,5,3
44,57,57,37,76,9,High,63,19,3
91,35,51,29,70,14,Medium,86,6,3
69,90,46,48,77,3,Low,77,20,1
82,49,88,33,65,2,High,49,11,3
53,31,86,30,95,2,High,66,19,2
55,66,55,19,72,14,High,51,26,3
89,49,54,23,69,11,High,46,22,3
70,55,39,46,87,4,Medium,56,11,2
58,58,74,27,74,10,Medium,40,6,3
44,30,40,33,77,14,High,97,18,3
74,64,82,23,54,13,Medium,89,23,3
94,99,97,43,70,0,High,65,14,1
38,88,57,21,67,9,High,54,24,3
30,98,94,31,96,2,Low,90,18,1
37,62,78,15,55,13,High,99,10,3
92,80,76,45,78,5,Medium,72,25,1
40,41,81,45,68,2,High,76,13,3
37,49,83,31,82,4,Low,86,15,2
64,82,89,23,50,8,Medium,70,15,3
64,72,86,25,94,1,Low,74,9,1
62,79,76,45,52,10,Low,40,24,3
34,58,60,34,91,1,High,47,6,2
70,86,75,41,70,11,Low,51,20,3
57,68,55,42,84,5,Low,98,29,2
36,85,34,45,90,5,Medium,93,15,2
41,72,81,29,89,10,Low,96,10,3
63,79,83,27,52,10,High,58,8,3
62,52,62,47,74,7,High,64,28,1
77,73,79,12,94,11,High,96,27,3
52,67,67,32,87,12,Low,71,27,3
91,52,56,41,94,10,Medium,51,9,3
66,74,44,25,69,13,High,52,15,3
73,81,90,14,93,1,Low,67,23,1
64,79,50,13,94,8,High,40,29,2
94,37,75,30,83,14,High,90,15,3
76,30,98,49,70,1,Medium,45,12,1
32,37,35,23,97,12,High,47,15,3
30,58,67,48,72,0,Medium,43,22,2
34,34,91,40,55,9,Low,44,9,3
43,76,91,23,62,1,High,64,4,3
56,63,75,15,98,11,Low,61,29,3
38,94,42,21,72,6,Low,67,24,2
44,84,32,25,58,7,Low,78,19,3
71,72,35,26,66,4,High,62,4,3
80,59,37,32,51,5,Medium,43,14,3
92,46,73,23,68,11,High,91,13,3
81,55,62,16,68,0,Low,43,16,3
33,37,79,41,56,14,Medium,86,19,3
52,76,40,24,91,5,Low,98,6,2
44,75,57,26,91,11,Medium,60,8,3
72,97,99,43,69,14,High,76,12,3
58,62,70,14,58,7,Medium,95,27,3
65,30,45,36,66,12,High,80,28,3
42,48,97,32,76,2,Low,41,12,2
61,60,77,49,96,10,Medium,98,28,3
88,43,85,23,51,0,Low,46,16,3
57,82,93,24,85,10,Medium,88,11,3
95,77,88,42,68,3,High,55,16,3
71,98,91,40,66,0,Medium,56,14,3
74,91,40,44,54,13,Medium,59,15,3
91,95,47,26,88,7,High,97,18,1
86,93,48,37,67,4,High,62,14,3
35,99,84,28,56,0,High,73,11,3
57,92,55,32,66,13,Medium,50,26,3
57,62,35,41,88,7,Low,73,2,2
73,70,33,49,85,8,Medium,72,2,1
59,77,58,22,89,9,Medium,65,16,3
91,42,88,29,94,1,Low,41,17,1
91,60,46,44,53,8,High,62,13,3
30,97,72,14,87,7,Medium,80,27,2
56,33,95,18,74,6,Low,61,25,2
91,48,63,38,54,2,High,97,7,3
32,99,37,15,79,1,High,73,7,3
99,42,42,34,61,6,Medium,99,13,3
56,52,37,40,53,14,High,54,26,3
38,30,94,31,73,4,High,49,16,2
91,83,72,11,78,5,Low,54,5,1
66,44,68,14,58,3,Low,81,25,3
80,94,88,36,53,1,High,68,5,3
73,44,73,34,73,8,Low,96,3,1
53,50,38,17,63,2,High,62,28,3
88,48,66,10,54,11,Medium,98,25,3
61,89,65,29,67,13,Low,56,13,3
81,62,57,32,91,6,High,99,8,1
91,78,71,41,68,13,High,48,21,3
87,64,72,20,61,7,Low,89,10,3
81,73,71,48,67,1,Low,75,10,3
41,40,95,33,66,13,Medium,48,9,3
68,95,84,20,79,5,High,55,15,1
31,75,77,38,73,10,Medium,75,2,3
32,38,51,35,60,7,Medium,87,24,3
85,32,56,25,84,6,Medium,90,22,2
88,55,96,44,72,10,Low,72,24,3
31,77,42,29,66,2,Medium,94,13,3
31,95,74,12,50,0,Low,70,26,3
83,99,39,10,64,13,Low,45,3,3
30,57,38,10,81,5,Medium,49,14,3
48,55,83,26,58,7,Medium,55,28,3
31,54,56,11,64,5,High,43,5,3
82,41,63,38,77,4,Medium,93,21,1
73,34,30,29,73,10,High,61,19,3
61,77,61,15,84,11,Medium,52,20,3
99,66,96,17,71,7,Medium,55,17,1
61,73,49,38,76,1,Medium,91,28,2
97,44,64,42,68,14,Medium,68,15,3
84,72,46,12,94,11,High,45,9,3
85,77,47,44,61,14,High,65,13,3
46,99,74,14,69,0,Medium,50,10,3
67,75,82,36,50,0,Medium,63,7,3
53,72,97,21,70,14,High,68,27,3
98,50,94,29,98,13,Low,42,19,3
99,52,30,29,94,3,Low,91,3,2
40,76,87,18,50,5,Low,49,24,3
45,44,55,48,59,12,High,99,9,3
88,54,49,13,96,8,High,40,25,2
99,65,39,28,81,0,Low,91,15,1
32,80,88,47,88,11,Low,82,7,3
49,44,70,36,71,0,Medium,65,11,2
88,97,34,22,67,12,High,97,9,3
65,50,94,22,97,12,High,51,18,3
48,42,46,31,95,4,Low,53,26,3
96,48,51,37,81,9,Low,64,13,3
48,63,70,31,76,4,High,47,18,2
49,97,97,28,77,4,Medium,82,14,1
81,81,98,17,67,9,Low,43,20,3
62,56,40,17,88,5,High,67,13,3
69,58,85,35,98,7,High,46,17,1
68,57,80,35,78,2,Medium,49,26,1
30,64,50,32,67,8,Medium,90,28,3
40,37,55,22,93,12,Low,96,6,3
86,45,48,37,57,0,Low,97,26,3
79,65,89,18,80,3,Low,75,17,1
52,59,76,29,83,8,High,41,26,2
60,47,55,28,56,14,Low,65,7,3
71,31,69,48,85,13,High,92,12,3
36,78,34,21,67,7,Low,89,18,3
45,33,50,24,87,9,Medium,53,27,3
89,36,33,40,58,8,Medium,97,24,3
31,68,52,23,58,0,High,55,15,3
30,42,44,20,95,8,Medium,93,7,3
77,60,37,35,57,2,High,82,26,3
41,92,70,36,84,10,High,81,24,3
98,85,48,20,67,11,Medium,56,29,3
66,71,75,47,54,9,High,85,12,3
61,90,57,43,63,8,Medium,61,13,3
38,71,97,28,77,0,Low,43,14,1
48,85,44,15,79,0,Low,58,5,2
77,65,66,47,53,8,Medium,41,8,3
32,97,30,37,88,10,Medium,78,3,3
49,36,96,10,69,13,Medium,48,7,3
53,83,53,44,74,5,Medium,99,7,1
83,30,56,49,77,3,Low,58,19,1
62,73,69,17,61,6,High,55,21,3
53,74,92,16,51,4,High,93,9,3
65,76,90,20,92,9,Low,64,9,3
67,42,65,48,63,13,High,87,9,3
54,51,53,13,71,6,Low,57,9,3
47,50,53,34,80,7,High,62,2,2
95,38,33,21,72,7,Medium,92,3,2
83,55,96,35,97,0,Medium,60,13,1
64,38,63,47,69,7,Medium,50,16,3
90,44,86,21,87,5,Low,78,5,1
70,39,78,46,53,3,Low,80,29,3
62,71,82,33,64,12,High,43,26,3
97,53,52,25,73,13,High,64,4,3
62,78,98,22,74,11,High,71,15,3
43,55,82,34,50,7,Low,69,23,3
50,66,91,13,56,2,High,84,24,3
77,97,70,20,80,12,Medium,98,9,3
49,79,86,41,61,3,High,65,14,3
37,53,89,16,91,14,Medium,96,24,3
36,48,83,20,54,5,Low,75,20,3
96,89,99,37,93,10,Medium,90,23,3
46,68,86,32,99,6,Medium,73,6,1
62,47,39,32,91,3,Medium,48,14,2
77,48,69,37,87,3,Low,51,29,1
88,65,36,35,61,6,Low,41,27,3
51,84,67,34,88,5,Low,77,21,1
59,98,90,38,67,12,Low,44,2,3
67,76,32,28,51,10,High,44,17,3
80,78,80,42,59,7,Low,91,24,3
83,62,76,45,64,0,Medium,61,25,3
37,50,97,23,79,9,Low,44,3,3
56,51,67,23,93,12,High,98,8,3
56,77,65,44,66,10,High,43,7,3
50,66,70,39,53,6,High,48,6,3
59,44,98,37,56,11,Medium,68,5,3
57,64,42,26,90,6,Low,61,3,2
93,61,87,12,80,10,Low,66,11,3
98,40,79,25,88,6,Low,49,23,1
90,39,59,39,83,6,Medium,55,6,1
77,86,91,38,55,9,Medium,81,19,3
48,54,54,24,99,13,High,81,11,3
33,31,56,34,87,9,High,90,24,3
64,93,80,47,94,7,Low,49,23,1
93,64,86,47,83,8,Medium,45,29,1
78,36,76,32,93,8,Medium,88,16,1
46,47,68,34,64,1,Low,44,28,3
73,96,45,16,63,12,Low,97,10,3
59,71,51,31,55,12,High,45,12,3
75,68,83,26,99,6,High,98,27,1
35,70,50,27,86,6,High,95,22,2
66,53,45,19,99,3,Low,98,26,2
53,89,88,19,81,8,Low,86,26,1
75,75,60,16,52,7,High,64,18,3
82,48,71,47,52,11,High,98,22,3
89,97,61,36,71,0,Medium,90,10,1
92,71,88,42,71,1,Medium,89,24,1
61,61,63,10,59,12,High,43,17,3
62,68,38,43,52,14,High,79,7,3
96,65,40,13,61,12,Medium,98,23,3
47,65,39,26,78,1,High,87,12,3
54,32,46,13,97,11,Medium,71,24,3
83,37,97,35,66,11,Medium,95,18,3
87,99,77,13,56,10,Medium,90,5,3
96,70,81,10,62,14,Low,91,16,3
75,97,54,16,51,14,Low,74,2,3
53,42,50,39,53,7,High,49,23,3
61,78,94,18,59,14,Medium,73,21,3
76,89,92,44,88,0,Low,75,2,1
52,31,80,17,73,3,High,45,10,2
95,89,65,33,66,9,High,82,13,3
56,34,95,28,55,11,High,85,5,3
31,73,44,45,68,4,High,55,29,3
46,56,68,36,54,8,High,98,23,3
62,61,99,41,81,6,Medium,92,14,1
38,50,30,23,59,7,High,58,8,3
72,37,52,27,58,13,Medium,73,9,3
77,79,68,37,76,10,Low,64,29,3
68,96,86,38,62,8,High,70,14,3
71,73,63,25,68,12,Low,88,12,3
55,87,70,44,70,6,Medium,80,10,1
79,32,42,40,73,4,Medium,56,26,2
54,99,99,13,87,12,Low,86,25,3
53,31,35,46,53,14,High,69,17,3
42,73,81,26,73,4,High,78,11,2
89,31,32,48,84,9,Low,93,12,3
36,64,92,35,52,10,Low,94,13,3
86,59,78,48,53,5,Low,70,29,3
65,37,76,13,86,4,High,58,15,2
74,51,84,39,89,12,High,74,20,3
49,73,93,39,97,11,High,68,13,3
94,87,94,31,84,10,Low,98,19,3
37,65,96,20,80,8,High,40,22,2
45,98,44,11,93,2,Medium,43,18,2
43,60,61,21,74,2,Low,67,4,2
44,76,97,39,89,14,High,57,2,3
95,84,47,45,62,6,Low,65,20,3
61,91,72,27,53,6,Medium,79,5,3
92,59,64,35,95,5,Medium,58,24,1
80,84,87,16,63,2,Low,94,29,3
54,45,62,10,62,13,Low,94,17,3
87,41,43,35,76,12,Medium,99,13,3
92,46,63,32,55,6,Low,96,22,3
91,45,90,35,66,4,Medium,45,22,3
51,41,33,15,85,6,Medium,40,14,3
87,37,88,15,89,1,High,47,18,1
87,32,58,17,98,5,Low,72,9,2
78,45,35,33,84,13,Low,90,14,3
81,59,78,31,66,7,High,82,21,3
71,52,69,28,90,0,Medium,60,27,2
99,34,94,46,51,3,Low,63,6,3
44,94,98,27,62,10,High,64,19,3
83,59,56,40,51,0,High,86,16,3
89,50,35,46,77,13,Low,94,13,3
37,99,42,39,92,0,High,96,18,2
82,51,93,42,75,9,Medium,82,26,3
89,61,91,19,71,11,High,58,16,3
34,62,48,46,96,13,Medium,68,3,3
97,45,72,21,92,13,Medium,92,7,3
35,67,49,39,52,10,Low,49,18,3
76,43,97,36,84,7,High,95,17,1
84,65,73,48,61,6,Medium,51,18,3
69,52,52,18,73,11,Medium,72,26,3
81,95,31,30,54,9,High,95,21,3
45,31,51,21,69,12,Medium,46,10,3
42,94,86,38,88,0,High,56,28,1
59,96,36,42,88,10,Low,97,6,3
48,81,85,24,62,13,Medium,99,24,3
46,91,96,11,90,12,Medium,49,2,3
92,52,45,48,94,1,High,70,7,1
48,55,80,27,61,3,High,99,25,3
87,97,41,12,62,0,High,45,15,3
84,84,82,16,59,2,High,56,18,3
91,35,34,27,82,7,Medium,89,26,2
52,64,56,47,89,7,Low,76,20,2
38,51,41,46,65,7,Low,57,2,3
41,72,46,42,94,5,Low,65,2,2
30,44,35,40,84,5,Low,88,14,3
87,89,34,20,52,4,High,93,15,3
30,41,86,13,54,12,Medium,55,28,3
63,78,57,27,75,8,Medium,47,7,2
77,71,98,13,60,3,Medium,63,28,3
30,67,88,43,56,9,High,52,7,3
45,74,62,38,59,14,Medium,68,2,3
90,64,91,33,91,11,High,71,15,3
93,59,79,31,83,11,Medium,63,4,3
92,59,48,11,52,11,Low,55,24,3
98,35,98,15,57,6,High,50,11,3
51,96,95,34,80,0,Medium,71,20,1
96,36,76,30,60,14,Low,45,20,3
55,81,68,25,94,8,Low,98,20,2
45,43,97,40,56,6,Low,74,29,3
80,44,62,23,94,9,High,72,24,3
86,50,42,48,51,11,High,57,5,3
58,64,83,37,55,8,Medium,76,21,3
98,95,36,41,90,6,Low,52,20,1
76,31,43,37,81,1,Medium,49,11,2
91,64,48,18,69,14,Medium,76,28,3
98,49,83,31,83,5,Low,65,26,1
45,39,49,41,99,9,Medium,85,3,3
77,54,58,14,65,11,High,56,5,3
68,95,53,32,74,10,Medium,40,25,3
62,54,92,14,61,3,Low,64,7,3
52,83,86,41,56,2,High,73,8,3
39,62,37,19,88,1,High,78,17,3
98,65,91,48,66,5,Medium,49,8,3
63,43,58,24,94,7,Medium,59,19,2
81,94,46,16,60,5,High,46,21,3
39,83,95,38,55,8,Medium,95,27,3
48,81,35,12,72,13,Low,55,27,3
87,32,87,28,76,4,Medium,76,23,1
30,70,98,19,95,1,Medium,68,20,2
98,35,57,37,55,7,High,99,10,3
33,54,91,38,87,8,Medium,51,21,2
45,42,70,24,51,13,Medium,56,11,3
53,37,98,44,71,9,Medium,87,14,3
31,50,70,15,69,3,Low,59,19,3
61,97,78,21,74,5,Medium,65,17,1
53,54,78,47,64,14,Low,87,23,3
41,97,32,22,98,10,Low,58,18,3
79,74,39,38,78,9,Low,97,23,3
64,89,64,28,57,7,Low,86,14,3
62,41,31,12,86,8,High,51,13,3
62,61,53,17,98,11,Low,60,11,3
90,42,67,17,82,4,Medium,81,2,2
80,60,51,29,71,11,Low,97,9,3
72,49,55,13,99,5,Medium,93,22,2
41,47,72,30,96,10,Low,73,23,3
96,89,84,12,54,3,High,46,19,3
94,92,68,17,88,4,Low,84,3,1
62,35,58,32,67,6,Low,74,17,3
69,61,49,25,87,8,High,54,13,2
72,72,70,22,86,9,Low,40,10,3
73,31,83,12,79,10,Medium,65,4,3
58,89,49,18,80,12,Low,74,23,3
42,52,48,23,59,5,Low,64,27,3
41,60,95,22,64,13,Low,81,22,3
75,34,59,16,91,5,High,98,29,2
31,63,82,24,97,7,Low,98,5,2
64,39,63,16,93,10,Low,54,27,3
37,31,51,47,67,3,Medium,61,3,3
55,40,96,43,72,2,Low,98,9,1
63,79,35,31,82,13,Low,45,11,3
36,60,56,33,65,6,Low,91,17,3
97,85,39,46,87,4,Low,54,24,1
87,38,77,10,84,1,Medium,63,12,2
58,50,99,19,83,1,Medium,60,19,2
65,57,88,25,77,10,High,46,23,3
50,91,88,17,51,5,Low,96,15,3
65,36,31,34,79,7,High,68,9,3
39,45,58,21,62,0,High,71,24,3
53,33,97,34,90,14,Low,71,16,3
93,33,94,26,65,10,Medium,92,18,3
78,69,55,35,54,5,Medium,98,22,3
65,46,39,23,77,11,Low,44,19,3
53,81,82,45,88,1,Low,43,7,1
52,81,88,32,94,1,Medium,61,24,1
91,65,51,15,69,6,Low,57,15,3
66,67,80,14,73,9,Low,74,24,3
41,79,77,34,76,0,Low,56,4,2
84,92,50,27,79,5,Medium,89,8,1
42,92,51,22,94,13,High,89,16,3
52,91,59,23,76,6,High,95,22,2
59,36,54,37,75,13,Low,63,25,3
46,56,57,27,56,7,Medium,41,29,3
91,43,94,37,91,6,Low,52,17,1
42,34,74,36,96,5,Medium,93,17,2
88,84,97,41,87,8,Low,54,9,1
48,31,36,18,54,12,Medium,44,8,3
78,91,78,49,72,2,Medium,42,7,1
41,50,38,41,77,10,High,76,3,3
90,50,65,29,83,5,Low,76,23,1
48,39,30,37,64,3,High,76,14,3
38,87,39,42,81,1,High,42,13,2
57,68,65,13,75,0,Medium,74,16,2
81,34,75,43,97,11,Low,91,28,3
45,94,61,12,80,11,Medium,62,10,3
98,42,61,35,68,13,Medium,99,3,3
41,82,35,17,58,0,Medium,67,18,3
54,74,77,15,78,10,Low,99,28,3
81,61,67,25,88,9,Low,69,6,3
82,65,46,33,53,2,Medium,57,12,3
52,89,56,48,52,3,Low,97,23,3
45,40,83,39,78,1,Medium,91,20,2
86,92,79,22,60,12,Low,75,25,3
68,50,64,14,82,11,Low,72,8,3
82,81,54,34,87,10,High,65,3,3
71,84,57,29,60,10,Medium,87,17,3
87,55,44,27,76,13,High,79,13,3
68,97,33,27,82,10,High,56,24,3
43,63,56,11,70,0,Medium,79,16,3
34,81,55,19,88,3,Medium,46,2,2
64,81,48,21,80,14,Low,96,26,3
47,58,46,22,87,6,Medium,47,14,3
38,67,72,20,95,9,High,92,24,3
87,71,70,28,51,10,High,95,7,3
46,50,71,44,76,5,Medium,70,14,2
36,71,79,48,85,5,High,98,19,1
75,42,69,35,60,10,Low,97,4,3
42,93,68,23,96,8,High,51,2,2
69,46,52,33,67,13,Low,87,16,3
71,38,81,10,50,14,High,70,27,3
38,70,76,31,84,1,Low,83,14,2
79,30,92,32,84,3,Low,58,6,1
56,31,98,28,80,4,Medium,49,26,2
95,89,72,27,77,0,Low,78,14,1
34,77,77,21,88,7,Medium,51,23,2
58,58,63,37,50,7,High,59,6,3
66,39,69,37,74,5,High,76,29,2
67,87,90,42,92,11,High,87,20,3
37,89,79,28,87,4,Low,80,22,2
94,50,96,37,69,7,High,46,25,3
46,57,91,46,52,2,High,91,29,3
74,63,87,35,51,2,Medium,93,19,3
33,37,62,44,67,1,Medium,97,22,3
65,88,45,43,93,4,High,53,23,1
99,78,77,44,59,2,High,50,11,3
60,46,39,49,54,2,Low,46,25,3
48,89,67,25,58,14,Low,68,9,3
90,74,48,47,51,5,High,49,16,3
83,98,65,22,83,7,Medium,68,22,1
68,61,88,32,87,1,High,48,26,1
48,73,92,31,80,3,Low,75,21,1
68,94,75,25,59,10,Medium,87,29,3
96,37,32,37,99,6,Medium,49,26,2
74,72,94,44,61,0,Low,58,28,3
42,30,37,17,85,0,High,95,24,3
87,80,80,31,70,11,High,70,23,3
49,53,35,30,98,12,High,56,5,3
90,53,68,35,96,9,Low,48,3,3
68,46,89,49,55,6,Medium,84,25,3
30,34,57,30,97,13,Low,72,7,3
32,49,83,34,98,6,High,73,29,2
91,50,66,10,52,0,Low,84,4,3
92,87,38,15,59,0,Medium,63,8,3
54,60,85,32,54,3,Low,48,11,3
85,40,88,32,95,4,High,46,24,1
62,81,31,32,75,4,Medium,55,7,2
67,44,90,41,70,3,Low,58,17,1
35,36,87,39,94,7,Low,78,3,2
87,57,89,22,75,6,Medium,45,25,1
73,80,69,27,87,8,Medium,89,18,1
74,87,65,32,93,6,High,90,14,1
61,34,66,24,75,14,Medium,50,2,3
74,34,47,42,57,9,High,51,7,3
90,37,92,30,54,0,Low,97,6,3
76,93,51,48,64,12,High,81,26,3
50,39,40,32,65,13,Low,52,14,3
65,67,87,36,50,6,Medium,51,29,3
48,37,86,27,65,0,Low,60,24,3
49,54,33,33,86,6,Medium,49,19,3
86,95,36,49,52,9,Low,59,13,3
47,79,90,16,96,7,Low,89,8,2
76,96,83,29,80,10,Low,75,16,3
78,78,97,36,62,8,Low,67,4,3
43,65,30,15,65,11,High,63,17,3
44,97,84,36,92,2,Low,44,2,1
60,70,32,18,70,14,High,76,28,3
30,91,67,40,51,3,Medium,99,17,3
83,39,30,30,76,3,Medium,51,25,2
32,50,67,35,87,11,High,97,13,3
45,65,58,49,75,8,Medium,74,20,2
86,41,34,22,87,12,Medium,79,28,3
41,31,50,32,95,6,Low,93,9,3
45,42,96,29,74,2,Low,41,24,2
53,82,76,46,60,9,Low,89,13,3
57,61,64,37,57,4,High,80,16,3
37,45,97,26,57,6,High,84,3,3
65,61,98,37,82,7,Medium,78,18,1
37,61,30,11,56,0,Low,81,8,3
87,40,97,34,87,11,High,48,14,3
89,39,41,15,70,1,High,61,2,2
79,44,89,20,57,6,Low,86,7,3
57,46,56,47,70,10,High,44,14,3
70,69,85,15,69,14,Low,51,12,3
93,47,52,20,57,12,Medium,40,11,3
56,84,54,23,95,13,Medium,83,17,3
92,54,50,11,80,12,Medium,61,28,3
46,88,90,49,99,14,Low,77,27,3
62,51,92,12,78,1,High,90,25,2
58,59,81,44,97,6,Medium,58,24,1
42,73,54,42,58,14,Medium,55,21,3
75,61,84,33,64,8,Medium,70,18,3
64,80,75,28,79,10,High,90,18,3
35,75,61,27,75,1,High,42,5,2
98,50,84,33,59,6,Low,62,6,3
76,61,34,44,78,3,Medium,81,29,2
54,68,65,10,65,10,High,98,24,3
95,41,78,45,85,12,Low,57,15,3
39,76,87,34,69,1,Medium,65,21,3
85,47,68,43,94,12,High,52,11,3
59,50,90,34,86,6,High,97,15,1
34,42,38,25,71,12,Low,57,29,3
62,50,35,43,56,4,Medium,42,2,3
94,37,64,38,72,0,Medium,97,12,1
47,75,68,28,90,4,High,99,27,2
78,36,51,32,89,11,Medium,62,24,3
40,52,70,28,78,11,Low,42,19,3
55,51,34,34,65,2,High,94,17,3
92,51,71,25,87,6,High,64,28,1
88,58,96,18,77,5,Low,66,19,1
56,42,59,10,97,7,High,97,9,3
78,31,86,28,87,12,Medium,83,29,3
62,58,58,42,80,4,Medium,66,11,2
30,81,66,43,63,1,High,91,27,3
50,56,42,25,82,8,Low,78,11,3
84,79,61,49,58,13,Low,64,6,3
35,52,75,27,76,10,Medium,63,11,3
98,73,52,43,73,7,Low,47,19,1
34,51,74,34,62,5,High,48,22,3
32,72,46,15,75,12,High,85,25,3
82,66,95,30,78,9,Medium,76,7,3
52,90,35,15,98,6,Medium,69,4,2
82,85,47,41,92,8,Medium,92,9,1
66,32,51,48,77,6,Low,58,10,2
46,92,62,40,77,2,High,92,6,1
30,48,59,19,57,5,High,55,3,3
80,52,61,39,72,10,High,63,3,3
74,58,71,27,78,12,Medium,83,8,3
33,59,39,33,54,10,High,60,18,3
91,68,65,18,91,6,Low,75,11,1
94,54,63,40,56,1,Low,79,13,3
61,37,57,24,91,2,High,78,3,2
63,87,40,13,85,3,Medium,86,11,2
68,45,68,49,90,9,High,45,21,3
55,30,76,18,76,5,Low,44,2,2
63,34,48,18,95,0,Low,53,5,3
83,32,44,35,51,8,Low,92,14,3
32,94,57,13,74,4,High,84,13,2
79,33,53,26,58,12,Low,81,12,3
41,93,38,25,76,11,Medium,89,11,3
94,39,76,24,50,13,High,43,16,3
83,50,62,44,72,6,High,47,6,1
34,75,91,14,59,8,Low,63,26,3
86,56,48,14,91,8,Low,50,18,2
46,95,96,29,74,0,Medium,56,29,1
76,70,69,24,52,14,High,89,6,3
52,42,76,27,55,0,Low,60,3,3
43,38,94,11,55,2,Medium,96,10,3
95,65,58,38,51,5,Low,65,7,3
80,87,79,22,67,1,High,82,19,3
67,83,42,13,72,9,Low,87,15,3
93,41,30,19,51,11,High,83,20,3
67,43,63,40,61,10,Low,84,15,3
79,63,77,17,71,0,High,66,9,1
59,82,77,12,86,0,Medium,55,18,2
80,49,78,18,69,12,High,94,29,3
92,45,93,39,88,4,Medium,65,4,1
81,99,90,20,73,3,High,92,11,1
67,85,58,44,97,0,Medium,72,18,1
59,87,68,46,69,3,Low,70,28,3
80,33,55,22,50,2,High,87,12,3
34,33,46,45,50,1,Low,86,9,3
58,49,42,22,66,8,Medium,45,2,3
33,39,98,21,50,13,High,83,14,3
39,53,55,46,94,14,High,47,22,3
85,55,78,19,79,10,Low,46,5,3
46,66,96,18,90,0,High,73,8,2
46,83,36,16,96,6,High,83,15,3
98,50,87,11,52,13,Low,92,6,3
63,67,78,32,95,12,High,53,25,3
35,75,82,48,60,3,Low,55,29,3
82,33,94,49,73,4,Low,82,12,1
95,89,91,48,71,9,Low,91,18,3
72,86,46,30,93,4,Low,48,6,2
52,74,72,32,94,0,Low,49,21,2
84,49,54,38,75,5,Medium,56,4,1
45,46,32,23,62,12,Medium,51,6,3
37,33,58,35,50,8,Low,45,27,3
33,43,61,14,73,1,Medium,58,16,3
33,32,55,40,59,6,Medium,82,20,3
85,87,45,34,84,5,High,80,17,1
54,84,54,40,73,4,Low,92,9,1
96,33,83,29,77,3,Medium,68,14,1
96,53,57,26,85,3,High,45,17,1
56,63,85,11,65,5,High,98,4,3
61,59,94,34,89,3,Low,64,2,1
79,48,70,22,65,4,Low,96,10,3
90,60,80,48,66,12,High,63,10,3
80,89,58,37,64,5,Low,64,23,3
48,89,48,15,65,4,Low,55,27,3
50,48,95,12,64,6,High,91,18,3
34,78,70,44,83,8,High,55,25,2
71,92,74,27,60,9,Low,45,3,3
90,51,44,20,50,6,Medium,76,10,3
51,53,32,29,64,6,Low,60,25,3
50,59,40,14,75,3,Medium,43,20,3
99,87,82,28,53,0,High,73,14,3
30,60,75,31,92,13,Medium,67,6,3
34,93,59,28,54,7,High,77,10,3
41,48,86,25,84,3,Low,80,14,2
75,77,47,33,62,0,Low,67,2,3
63,74,80,13,59,4,High,56,26,3
78,84,77,24,60,13,High,53,16,3
74,84,95,34,67,13,High,46,5,3
56,47,37,44,83,7,Low,61,5,2
55,92,51,23,88,3,Low,90,21,2
76,76,35,28,90,12,Medium,40,11,3
85,86,86,47,91,11,High,68,29,3
92,74,65,45,99,7,Medium,91,26,1
77,62,86,16,72,7,Low,70,7,1
90,46,78,39,56,2,Medium,69,28,3
55,99,74,28,88,8,Medium,96,25,1
65,33,95,34,52,2,Low,54,13,3
30,49,74,25,61,0,Low,57,21,3
37,76,49,49,56,1,High,74,17,3
81,44,93,17,98,14,Medium,89,4,3
76,99,96,27,75,5,Low,69,15,1
85,76,32,37,82,11,Low,73,2,3
43,38,83,25,86,9,Medium,81,11,3
57,45,93,28,97,1,Low,50,16,1
31,98,69,26,64,5,High,66,8,3
55,90,88,22,51,13,High,63,5,3
43,39,84,16,90,0,Medium,74,15,2
88,79,91,36,56,10,High,78,25,3
85,32,33,19,81,12,Low,47,17,3
36,99,89,43,53,0,Low,90,15,3
32,80,59,45,69,4,Low,57,4,3
52,48,31,34,99,9,Low,52,18,3
47,71,91,15,85,12,Medium,84,22,3
67,64,78,33,81,10,High,63,15,3
44,75,38,27,77,8,High,90,19,2
93,55,60,32,62,13,Low,62,4,3
57,98,90,15,50,7,Medium,51,23,3
68,93,77,38,84,2,Low,88,20,1
86,66,54,34,97,14,Low,69,4,3
46,78,65,26,79,2,Medium,70,13,2
73,50,37,33,85,14,Medium,67,23,3
54,93,87,20,74,0,Low,61,6,1
46,34,74,35,65,13,High,83,11,3
42,99,91,43,68,2,Low,67,10,3
54,33,68,37,50,14,High,52,2,3
97,68,87,12,54,13,High,64,14,3
39,64,93,20,71,11,Medium,83,4,3
96,30,73,47,73,11,Medium,90,20,3
47,53,58,23,92,11,Low,85,12,3
63,86,88,35,94,12,High,46,17,3
37,99,38,30,86,10,High,84,7,3
69,70,35,48,85,0,Low,45,25,2
71,83,58,39,85,7,Low,63,4,1
70,75,87,17,53,0,Low,58,20,3
35,89,46,29,85,4,Medium,58,7,2
81,89,45,41,67,8,Low,75,9,3
55,86,32,31,99,6,Low,90,23,2
93,60,50,16,65,3,High,48,14,3
88,53,93,18,90,10,Low,87,13,3
85,65,65,10,67,8,High,98,11,3
88,59,91,38,71,8,High,75,4,1
99,53,71,17,51,1,Medium,77,5,3
62,59,71,13,70,9,Low,79,2,3
82,36,90,44,85,9,Low,98,14,3
51,64,42,12,93,10,High,68,25,3
50,84,40,49,88,11,Medium,63,5,3
99,43,83,16,96,5,Medium,87,23,1
99,39,45,36,88,3,Low,44,12,1
33,45,37,10,78,7,High,92,20,3
91,83,88,36,75,11,Low,93,12,3
91,99,86,25,70,10,Low,81,13,3
53,73,69,47,66,6,Low,94,12,3
84,74,88,16,65,6,Low,84,7,3
38,85,31,32,80,10,High,65,13,3
32,86,39,20,58,9,Medium,53,28,3
60,50,73,42,80,8,Low,78,10,1
69,97,40,45,63,12,Low,68,26,3
65,79,31,46,98,4,Low,91,11,2
53,62,79,26,86,5,Low,45,4,2
35,36,41,44,51,0,Medium,46,4,3
95,99,52,14,97,5,Medium,76,21,1
33,44,47,41,95,1,Medium,92,29,3
35,61,91,12,63,5,Medium,57,24,3
80,49,91,44,82,8,Low,62,17,1
91,44,67,23,84,7,High,83,4,1
86,77,96,40,88,8,Medium,77,11,1
95,50,67,40,96,12,Medium,98,25,3
37,71,96,26,69,14,Low,40,12,3
55,55,90,33,51,9,Low,43,9,3
80,43,30,32,90,7,Low,90,7,2
74,86,74,27,68,2,Low,83,21,3
73,66,57,23,86,7,High,86,12,2
34,87,50,24,67,5,High,74,29,3
99,50,42,24,65,12,Medium,62,28,3
55,98,56,15,53,5,High,66,22,3
97,32,36,36,61,5,Medium,99,13,3
48,66,51,24,78,2,Medium,65,17,2
49,78,82,45,56,9,High,91,19,3
41,48,33,17,63,0,Medium,99,14,3
76,41,52,24,61,11,Low,47,23,3
30,90,99,12,84,13,Medium,82,4,3
43,70,62,22,54,3,Low,55,16,3
93,62,57,43,66,9,High,80,23,3
67,79,37,33,91,11,High,42,29,3
66,97,30,49,81,5,Medium,71,22,1
40,62,66,41,59,10,Low,44,15,3
32,53,92,41,92,11,Medium,59,19,3
62,90,51,39,66,9,High,53,29,3
35,90,99,22,54,1,Medium,99,15,3
79,57,50,10,94,6,Medium,71,6,2
39,87,64,43,91,6,Low,65,22,1
34,72,34,24,58,10,High,86,15,3
52,70,89,23,98,3,Medium,45,26,1
39,68,75,38,82,3,Low,98,28,2
73,78,79,43,85,14,Medium,97,9,3
31,46,77,27,85,0,Low,75,29,2
42,99,35,16,67,12,Low,79,29,3
69,99,85,38,58,1,Medium,90,24,3
31,94,88,40,78,8,High,98,16,1
94,34,58,34,99,9,High,44,29,3
92,31,47,47,63,7,Low,52,16,3
46,51,31,23,74,7,High,71,20,3
38,86,37,17,64,8,Low,55,27,3
44,95,83,36,55,14,High,40,21,3
53,45,67,11,91,6,Medium,52,7,3
67,80,77,26,78,12,High,93,20,3
64,68,56,46,64,8,Low,50,28,3
78,69,49,23,78,9,Low,92,26,3
98,67,41,34,53,11,High,47,9,3
91,89,72,39,67,1,Medium,64,7,3
89,88,90,38,99,5,Low,79,21,1
79,39,60,29,98,14,Low,71,24,3
38,93,90,30,93,2,Low,63,16,1
63,92,96,31,88,10,Low,67,28,3
64,78,64,44,65,14,Low,53,4,3
30,93,44,46,60,5,Medium,84,11,3
69,61,45,25,63,2,High,42,16,3
93,36,42,26,52,7,Medium,75,25,3
51,50,64,25,99,14,Medium,66,17,3
89,49,88,11,91,10,Low,59,18,3
93,55,50,13,87,14,Medium,86,20,3
40,97,83,30,94,12,Low,54,12,3
43,44,59,48,91,3,Medium,66,17,2
89,43,77,43,67,11,Low,92,6,3
59,56,64,39,69,9,Low,84,6,3
64,69,67,15,97,5,Medium,80,27,2
66,87,60,26,74,14,Medium,67,15,3
34,57,53,48,87,8,High,64,19,2
55,55,78,34,62,1,High,81,27,3
91,92,61,14,53,1,High,83,9,3
33,95,84,14,63,6,Medium,85,6,3
71,54,87,29,82,14,Medium,72,8,3
47,32,32,25,77,1,Low,85,17,3
69,73,98,46,86,1,High,53,24,1
68,71,39,49,57,3,Low,47,15,3
43,35,54,18,93,8,Low,87,6,3
61,68,97,14,83,7,Low,53,25,1
80,81,90,11,93,1,Low,40,10,1
67,52,58,18,54,7,High,55,5,3
52,79,48,45,54,3,Low,57,5,3
92,72,72,31,80,1,Medium,46,17,1
44,48,95,31,94,10,Medium,54,25,3
54,98,90,31,58,9,Medium,63,18,3
46,80,72,43,91,6,High,88,16,1
95,40,54,38,81,5,Low,90,5,1
82,41,49,47,82,13,High,94,7,3
80,37,77,42,52,9,Low,52,17,3
68,53,53,27,79,4,High,48,5,2
80,70,40,16,99,10,High,95,7,3
99,65,84,10,61,0,Low,95,6,3
35,84,57,42,78,1,High,54,17,2
96,38,98,10,52,7,Low,96,26,3
36,76,92,33,75,0,Medium,97,17,1
80,44,88,13,79,2,Medium,74,11,2
71,77,34,13,58,1,Medium,63,10,3
93,71,80,27,75,4,High,72,5,1
44,89,50,36,51,3,Medium,55,15,3
58,99,41,41,52,12,Low,47,5,3
62,41,79,42,95,6,Medium,68,13,1
56,31,33,37,53,4,Medium,62,25,3
65,36,71,45,74,7,High,84,11,1
58,32,67,15,62,3,Low,70,5,3
67,32,54,25,88,14,High,79,19,3
86,56,43,43,93,11,High,88,14,3
56,69,61,32,84,5,Low,93,14,2
84,62,40,33,72,3,High,94,15,2
62,30,90,22,58,1,Low,53,19,3
97,37,47,27,51,0,Medium,98,2,3
95,61,56,22,90,13,Low,92,22,3
39,77,84,46,93,13,Low,69,17,3
34,33,83,48,80,0,Low,92,16,2
67,99,50,26,93,7,High,78,23,1
42,48,73,24,96,13,Low,66,26,3
60,61,34,27,51,3,Low,86,6,3
76,38,70,32,81,4,Low,55,7,2
81,41,88,39,67,10,Medium,90,7,3
85,40,83,43,62,7,Low,45,4,3
44,75,51,13,95,11,High,94,17,3
58,45,94,12,54,14,Low,72,13,3
37,30,93,16,91,6,Low,83,5,2
34,92,33,27,93,12,Medium,57,2,3
58,50,94,16,59,7,Low,55,5,3
76,59,44,49,92,12,High,51,2,3
97,42,51,15,74,7,Low,59,22,2
74,63,76,31,83,5,High,84,28,1
31,33,75,10,86,9,Medium,79,28,3
56,57,43,13,79,1,Low,98,9,3
65,88,79,38,56,5,Medium,68,25,3
65,56,49,30,55,13,Low,69,6,3
55,98,79,35,52,0,High,65,27,3
72,54,62,23,62,0,Medium,61,3,3
56,32,88,18,52,10,Low,72,13,3
98,97,72,21,75,2,High,97,23,1
49,54,41,15,73,2,Medium,92,18,3
40,49,69,29,55,10,Low,78,8,3
67,63,49,33,92,12,Medium,86,12,3
35,55,67,36,98,4,Low,68,5,2
52,34,32,47,91,0,High,61,6,2
76,90,57,17,61,9,High,84,7,3
75,38,85,10,98,5,Medium,52,12,2
41,79,42,33,85,6,Medium,99,2,2
42,35,95,16,51,9,Low,48,26,3
91,89,66,28,60,11,High,63,11,3
89,73,78,31,88,12,Low,54,21,3
72,40,95,44,83,10,High,75,25,3
97,95,65,39,75,2,Medium,52,22,1
34,76,83,38,67,3,Low,66,12,3
66,32,55,31,70,9,Low,83,25,3
60,59,69,20,85,10,High,76,18,3
38,50,72,29,89,9,High,46,9,3
80,57,51,38,95,13,High,47,28,3
58,91,49,43,93,11,Medium,76,14,3
69,62,37,10,71,14,Low,80,28,3
70,64,58,40,79,9,High,53,21,3
40,81,69,39,99,13,Medium,97,19,3
52,63,59,27,92,9,High,51,28,3
30,70,84,26,79,9,Low,75,23,3
75,80,45,47,57,2,High,91,17,3
50,76,75,23,83,0,Low,79,3,2
65,87,91,32,96,7,Medium,56,6,1
83,86,36,34,58,12,Medium,79,19,3
86,52,74,24,69,9,High,92,4,3
30,77,88,31,89,9,Low,68,28,3
92,51,85,12,74,1,Low,66,23,1
83,46,77,28,68,0,Low,40,18,3
84,98,56,43,54,13,High,91,17,3
69,40,82,44,60,7,Low,73,7,3
44,44,64,10,64,6,Low,43,20,3
50,64,80,30,57,6,Low,63,8,3
76,62,66,38,68,3,Low,60,19,3
82,45,86,15,72,10,High,72,15,3
38,63,37,46,76,8,High,46,7,2
81,95,49,10,89,5,Low,40,9,2
86,69,82,10,81,1,Low,80,16,1
55,57,41,36,75,13,Medium,42,16,3
70,76,78,30,76,0,Medium,83,16,1
64,68,46,25,68,0,Low,90,17,3
92,99,93,49,99,8,Low,54,2,1
54,49,71,35,91,3,Medium,70,12,2
67,30,58,25,78,4,Medium,93,28,2
31,92,48,37,88,2,Low,55,26,2
36,96,40,10,90,3,High,49,6,3
63,33,79,45,82,11,High,93,6,3
46,87,87,19,68,7,Low,68,29,3
72,54,63,26,86,12,Low,98,22,3
88,76,49,32,68,3,Medium,98,7,3
80,67,79,16,82,8,Medium,45,3,1
83,44,39,16,96,8,High,68,7,2
53,92,61,24,65,5,Low,56,15,3
54,50,81,43,72,1,Medium,92,12,1
81,86,44,13,56,11,High,99,5,3
99,82,32,23,75,9,High,61,25,3
62,75,66,23,81,10,High,63,28,3
78,43,69,25,61,6,Medium,56,26,3
58,46,69,16,57,8,Medium,60,10,3
92,68,85,41,54,5,Low,90,25,3
51,38,52,28,91,2,Low,89,4,3
55,35,40,11,77,13,High,50,27,3
57,52,93,19,54,14,High,95,17,3
78,88,37,26,98,6,Medium,46,12,2
78,75,85,46,75,4,Medium,81,28,1
49,67,89,21,54,0,Low,78,5,3
92,43,39,15,71,2,Low,44,2,2
90,91,68,31,64,4,Low,83,26,3
78,64,57,41,62,6,Medium,87,22,3
30,48,78,29,77,2,High,96,23,2
42,59,65,10,82,5,Low,60,17,3
80,54,42,15,92,4,Low,57,20,2
85,69,65,28,72,12,Medium,74,17,3
91,43,55,27,82,0,Low,59,12,2
61,55,33,15,92,9,High,54,27,3
59,51,93,42,67,5,Medium,44,9,3
58,77,67,32,99,13,Low,52,24,3
78,80,51,32,79,7,Low,90,2,1
74,32,31,35,75,12,Medium,51,27,3
59,71,60,22,65,12,Medium,94,29,3
45,48,40,16,62,0,Low,60,22,3
69,57,75,24,88,1,High,76,27,2
48,74,91,36,82,13,Medium,45,10,3
47,92,98,35,75,14,High,46,29,3
30,48,93,42,97,3,Low,65,28,2
76,76,39,24,50,11,High,81,13,3
95,43,69,45,98,1,Low,87,23,1
67,67,53,36,87,10,Low,47,9,3
80,82,73,14,51,8,Low,48,27,3
92,90,89,11,98,9,Low,66,18,3
33,65,91,42,55,7,High,43,11,3
30,69,46,25,95,7,Low,60,28,3
37,59,94,32,99,3,Low,70,8,2
58,38,86,47,87,4,High,60,20,1
84,93,84,25,91,3,Medium,79,26,1
32,62,82,23,73,12,High,64,7,3
61,81,85,38,67,8,High,78,22,3
39,43,38,35,76,12,High,54,25,3
63,82,51,44,90,1,Low,92,25,1
84,88,42,24,57,12,Low,74,29,3
61,70,77,12,77,10,Low,88,29,3
79,97,47,32,59,7,Medium,82,20,3
36,97,69,38,66,1,Low,80,19,3
37,37,46,43,78,0,Medium,76,16,3
94,31,44,42,55,9,Low,96,3,3
86,70,44,32,63,2,High,81,15,3
96,84,92,16,71,8,Low,86,22,1
88,45,68,12,55,11,Medium,67,11,3
83,91,42,41,75,2,Medium,53,29,1
96,77,61,40,88,8,Low,43,17,1
80,59,38,27,61,6,High,92,8,3
37,41,69,16,84,12,Low,59,9,3
63,64,49,10,63,9,Low,73,11,3
64,40,92,23,71,0,Low,51,16,2
61,93,73,41,72,9,High,72,9,3
75,79,67,15,97,4,Medium,63,14,2
45,50,89,48,56,8,High,59,13,3
97,98,77,19,89,11,Medium,44,9,3
66,77,47,16,99,14,Medium,77,16,3
83,49,45,35,74,14,Medium,69,27,3
43,96,84,43,62,2,High,63,13,3
84,73,68,39,70,8,Low,82,12,1
77,62,97,45,90,4,Low,79,20,1
36,90,88,30,59,8,Low,46,15,3
36,38,91,26,58,9,Low,75,28,3
62,97,42,42,64,5,Low,77,19,3
52,64,35,19,51,8,High,55,14,3
48,94,89,21,74,6,High,91,5,1
48,37,43,25,62,6,High,54,18,3
65,74,83,41,83,7,High,85,20,1
58,76,33,24,83,6,High,62,28,2
89,69,68,36,84,11,High,51,10,3
31,83,54,37,87,8,High,68,24,2
30,75,61,26,52,10,Low,83,8,3
76,76,88,11,91,8,Medium,87,2,1
98,44,92,45,55,5,High,54,8,3
49,48,67,16,97,6,Medium,68,27,2
40,55,82,22,98,1,High,84,8,2
31,81,96,24,68,14,High,82,21,3
96,51,57,34,52,8,Low,88,8,3
41,50,32,32,67,11,Medium,60,9,3
49,80,51,31,88,12,Low,54,17,3
34,67,67,35,58,0,Low,53,4,3
66,49,91,42,61,0,Medium,81,14,3
67,58,86,20,54,2,Low,83,11,3
38,80,35,19,52,11,High,55,19,3
82,33,61,34,60,5,High,54,8,3
73,84,39,46,79,4,High,81,22,1
53,57,32,47,53,14,High,43,22,3
59,33,88,33,54,1,High,66,6,3
88,51,78,49,50,8,Low,62,24,3
43,74,88,42,76,13,Low,68,26,3
38,96,60,26,77,12,High,80,28,3
69,95,98,33,78,9,High,92,25,3
95,63,91,46,67,13,Low,91,23,3
54,84,81,11,61,3,Medium,48,8,3
51,30,70,41,62,3,Low,92,26,3
33,67,60,33,90,4,Low,96,28,2
55,35,51,18,51,14,Low,95,23,3
87,54,33,13,86,7,Low,91,18,2
58,46,42,26,94,9,Low,82,5,3
66,90,74,26,65,3,Medium,82,25,3
99,41,71,39,97,4,High,46,24,1
47,35,78,49,73,11,High,92,17,3
71,56,49,20,84,3,Medium,81,20,2
70,37,83,30,71,13,High,43,11,3
67,94,65,30,85,5,High,44,4,1
63,86,30,27,60,11,High,44,28,3
46,69,44,38,95,2,Medium,50,4,2
66,43,46,33,78,7,Medium,80,29,2
54,64,53,19,84,5,High,67,18,2
56,77,87,26,97,9,High,55,11,3
86,85,52,27,64,4,High,80,18,3
60,78,75,29,80,12,Low,93,23,3
35,42,37,46,91,14,Low,69,18,3
69,90,88,27,90,1,Low,43,22,1
41,78,88,26,92,9,Medium,41,5,3
82,75,42,18,65,9,High,85,22,3
39,91,68,23,59,6,Medium,42,24,3
74,37,57,38,98,1,Medium,89,7,2
46,72,90,40,81,0,Medium,60,13,1
55,49,45,13,51,6,High,45,26,3
91,68,31,27,73,4,Low,82,23,2
75,78,46,29,72,0,High,92,26,2
93,93,59,18,51,14,High,57,21,3
31,91,42,22,87,3,Medium,83,18,3
83,83,42,24,80,11,Medium,44,18,3
94,38,72,36,89,12,Medium,48,11,3
80,66,50,24,75,3,Low,59,8,2
82,78,84,37,78,9,Low,67,17,3
65,70,69,46,52,6,Low,65,14,3
55,46,44,28,63,8,High,57,4,3
58,50,81,35,74,1,Medium,58,3,1
50,80,82,35,97,11,High,42,17,3
40,88,81,34,50,13,Low,48,7,3
69,68,59,35,52,0,Medium,75,7,3
40,84,62,35,75,1,Low,70,14,2
65,70,86,37,67,6,Medium,88,8,3
88,68,81,27,58,12,Medium,56,6,3
68,42,38,41,87,9,High,94,25,3
83,93,83,12,72,5,High,62,8,1
84,40,30,11,70,3,Low,73,3,3
53,48,73,42,50,0,High,80,18,3
51,40,38,28,70,12,High,80,14,3
98,75,61,26,76,0,High,44,26,1
85,74,44,42,91,4,Medium,54,22,1
62,30,41,21,55,14,High,86,29,3
65,69,86,12,93,0,Low,42,28,2
49,48,37,35,85,11,Medium,58,22,3
91,90,56,44,77,14,Medium,67,29,3
55,41,91,17,94,6,High,42,17,2
95,90,41,45,66,12,Medium,77,27,3
69,62,94,16,89,10,Low,43,21,3
46,74,71,45,52,0,Low,63,3,3
30,98,91,25,61,0,Medium,70,6,3
90,37,40,33,88,1,High,84,19,2
72,54,72,10,61,12,High,98,29,3
71,75,46,34,51,13,Medium,84,8,3
54,59,61,19,95,10,Low,98,12,3
68,76,69,25,71,11,Medium,50,26,3
64,78,52,25,72,9,High,76,26,3
32,76,85,17,79,2,High,40,12,2
73,47,35,38,54,12,Medium,48,23,3
80,95,79,48,58,10,Low,56,18,3
41,97,66,37,70,14,Medium,93,17,3
48,62,93,15,60,0,Low,40,14,3
73,65,83,25,54,14,Low,42,23,3
88,48,78,29,84,8,Medium,86,6,1
78,57,40,25,76,9,Medium,65,21,3
90,69,78,16,98,7,Low,92,17,1
46,44,50,23,51,4,Low,70,29,3
86,70,95,35,73,12,Low,65,23,3
84,68,92,35,80,10,Low,62,23,3
76,31,57,23,82,1,High,69,17,2
41,92,46,16,88,4,Medium,49,17,2
91,58,35,42,79,5,Low,47,15,1
37,95,48,35,95,13,Medium,83,7,3
50,80,85,29,86,14,Low,64,3,3
99,39,57,12,77,0,Medium,61,15,2
54,43,95,13,80,10,Medium,54,17,3
41,80,67,35,60,3,Low,98,24,3
44,68,66,20,72,8,Low,80,21,2
88,57,97,11,51,1,Medium,95,14,3
55,32,78,23,89,4,Medium,96,16,2
55,99,72,39,90,0,Medium,49,13,1
76,56,65,21,76,3,High,59,10,2
61,31,87,35,84,3,Low,80,27,2
39,67,42,42,51,5,High,86,19,3
45,32,81,22,88,9,High,62,22,3
46,45,87,23,86,8,Low,92,15,2
52,69,61,33,70,2,Low,92,21,2
55,31,89,43,54,8,High,40,26,3
36,70,87,35,94,5,Low,41,5,2
43,41,85,30,70,6,Medium,97,9,2
36,64,57,37,78,11,Medium,58,9,3
38,94,30,45,69,9,High,53,23,3
77,84,71,49,87,1,High,47,23,1
88,74,77,11,69,10,Low,77,17,3
68,91,69,18,99,9,Low,51,28,3
47,78,92,32,74,13,High,65,25,3
88,54,33,24,51,5,High,66,29,3
46,52,67,22,81,5,Medium,68,29,2
43,53,56,32,75,1,Medium,54,11,2
60,67,38,26,55,1,Low,85,26,3
53,57,45,11,90,13,Medium,92,22,3
89,50,85,29,52,1,Low,40,28,3
74,83,60,29,82,9,Low,99,18,3
32,47,43,12,50,11,Low,82,2,3
66,65,54,21,54,0,Medium,67,19,3
72,74,63,49,62,4,High,96,11,3
69,82,96,11,68,7,High,42,27,3
84,59,53,45,61,1,Medium,90,22,3
68,89,55,23,97,12,High,57,5,3
44,61,49,25,74,14,Low,91,2,3
33,96,93,28,84,4,High,99,5,1
54,96,39,43,61,11,Medium,73,5,3
42,57,96,15,79,7,High,71,27,2
62,73,53,22,54,9,Low,68,5,3
45,70,34,45,83,13,Low,64,18,3
71,92,96,31,71,4,Medium,99,10,1
95,52,87,27,88,1,Medium,65,20,1
84,77,56,21,62,2,Medium,78,14,3
71,61,44,39,96,14,Low,47,5,3
63,86,64,49,52,5,High,58,6,3
59,62,82,16,69,10,High,93,14,3
42,53,73,41,80,10,Medium,86,24,3
42,68,55,28,54,4,High,81,17,3
47,63,76,15,73,10,High,61,23,3
61,85,63,29,89,3,Medium,68,6,1
68,57,79,36,82,3,Medium,72,9,1
75,66,41,46,57,4,Low,77,17,3
58,36,33,16,73,1,Low,84,2,3
91,97,77,14,99,8,Low,85,24,1
91,66,84,20,69,1,Low,74,29,3
86,85,30,24,65,9,High,82,7,3
45,94,95,12,99,1,High,42,12,1
85,94,59,14,61,9,Low,58,17,3
39,76,32,32,62,13,Low,49,6,3
59,49,50,46,94,8,Medium,66,17,2
54,48,78,18,91,13,High,54,8,3
34,58,91,24,88,2,High,50,20,2
94,89,67,12,74,14,Low,86,2,3
78,47,44,38,95,9,High,65,10,3
32,64,81,15,81,6,Medium,98,19,2
74,72,75,26,73,3,Medium,63,14,1
43,40,54,35,97,12,High,52,27,3
59,78,50,30,96,12,Low,71,16,3
97,67,34,17,93,5,High,76,4,2
47,93,99,30,58,13,Medium,43,25,3
91,98,76,20,89,3,Low,52,29,1
66,37,97,47,99,9,High,48,11,3
54,63,47,17,72,14,Low,96,10,3
77,77,50,33,99,6,Low,88,14,1
94,85,52,44,62,0,Medium,73,17,3
82,94,93,23,81,2,Low,95,4,1
44,60,96,23,99,12,High,76,23,3
78,33,69,19,64,2,Low,87,24,3
97,79,39,21,85,0,Low,46,16,1
41,98,81,47,98,5,High,40,18,1
88,59,90,43,54,14,Medium,99,15,3
66,88,93,19,71,12,Medium,97,8,3
90,96,34,26,65,10,High,51,21,3
72,74,82,26,90,13,High,60,17,3
99,33,84,12,59,8,Medium,50,22,3
68,55,66,40,73,7,Low,83,9,1
85,56,85,10,67,10,High,90,5,3
92,75,88,21,98,6,Low,97,21,1
75,93,98,48,67,9,High,83,25,3
40,80,88,13,56,7,Medium,83,16,3
91,79,31,22,53,5,Low,53,6,3
54,35,94,43,75,8,Low,73,14,1
81,88,89,30,54,2,High,73,7,3
33,44,80,31,65,14,Low,64,29,3
88,59,59,13,84,9,High,43,28,3
49,71,40,27,75,9,Medium,91,6,3
92,66,68,14,67,8,Low,94,18,3
83,71,92,28,78,3,High,65,8,1
86,64,93,11,72,6,Low,55,7,1
70,35,90,21,63,14,High,49,3,3
32,97,83,26,64,12,High,84,12,3
35,47,87,19,98,8,High,41,8,2
34,58,85,43,82,1,Medium,74,23,2
34,88,63,15,74,1,Low,58,22,2
83,76,60,17,70,8,Medium,45,9,2
76,46,81,20,66,11,High,58,6,3
78,51,30,21,72,12,High,98,28,3
38,97,84,18,92,2,Medium,92,19,2
49,98,51,11,66,8,Medium,91,23,3
90,66,69,17,63,12,Low,90,17,3
64,78,30,20,78,14,High,47,15,3
79,42,94,45,69,4,Medium,53,13,3
91,63,92,19,79,5,High,49,18,1
46,82,83,30,68,1,High,42,6,3
32,80,71,29,88,7,Low,77,15,2
61,32,50,17,62,10,Low,68,7,3
42,71,51,45,67,8,Low,54,16,3
97,61,67,38,72,1,Medium,62,8,1
43,80,37,21,95,5,High,62,15,3
40,75,91,23,82,5,Medium,57,19,2
85,50,76,30,88,7,Medium,85,2,1
96,73,46,31,89,9,Low,58,7,3
58,40,46,30,67,11,High,67,4,3
38,97,42,39,58,4,High,65,6,3
96,30,46,48,82,8,Low,49,13,1
54,92,67,29,81,0,High,86,12,1
71,53,74,33,66,8,Low,43,14,3
38,42,35,32,68,9,Medium,94,17,3
69,40,64,16,76,6,Medium,41,19,2
54,80,43,18,55,3,Low,42,18,3
34,46,90,10,84,2,Medium,46,18,2
40,53,44,35,86,13,Medium,94,12,3
88,48,83,47,83,9,Low,55,21,3
67,66,56,47,69,14,Medium,70,11,3
34,37,42,31,74,10,High,49,17,3
77,57,60,19,53,13,Medium,58,3,3
47,34,64,15,59,5,Low,67,18,3
99,46,89,26,59,11,High,56,23,3
66,65,35,47,73,12,High,67,21,3
89,48,98,33,70,0,Medium,58,11,1
77,93,87,19,60,2,High,76,14,3
57,40,78,17,76,1,Low,62,13,2
98,83,52,30,65,10,High,59,16,3
69,74,63,15,75,12,Medium,52,8,3
74,76,55,30,79,8,Medium,52,28,1
91,41,76,48,98,2,High,82,23,1
87,50,34,33,65,12,Low,50,22,3
96,40,49,42,56,1,Low,87,27,3
85,34,35,27,65,3,Medium,54,29,3
69,85,99,37,84,14,Medium,56,14,3
69,49,88,41,65,13,Low,93,13,3
62,70,93,21,89,1,High,89,13,1
35,75,47,36,61,0,High,67,29,3
48,41,33,19,84,5,High,58,3,3
69,99,46,41,98,14,High,43,6,3
88,46,43,35,70,9,Low,61,26,3
88,48,42,34,99,7,Medium,61,26,2
77,55,36,20,92,9,Medium,94,3,3
70,77,73,32,85,9,High,76,24,3
42,81,44,43,97,1,Low,78,27,2
74,99,48,49,66,13,Low,73,21,3
82,84,92,32,81,8,High,72,14,1
71,62,64,38,90,14,High,83,4,3
92,91,64,40,55,12,High,81,12,3
56,52,48,16,73,2,Medium,79,17,3
67,44,49,49,76,7,High,72,2,2
89,56,64,42,69,11,Medium,51,20,3
36,93,61,30,74,7,Low,41,12,2
34,80,77,11,51,14,Low,98,10,3
74,82,73,27,58,2,Medium,67,15,3
87,80,53,42,77,2,Medium,49,10,1
60,76,90,46,87,11,Medium,61,8,3
52,33,46,43,52,14,Medium,56,17,3
71,36,79,29,69,5,High,65,4,3
39,64,94,44,55,0,Low,42,20,3
61,77,61,27,88,3,High,46,5,2
82,74,65,33,82,0,Medium,83,8,1
59,48,42,17,50,13,High,47,24,3
68,92,99,39,86,2,High,59,29,1
60,67,87,19,55,8,Low,51,13,3
31,96,43,32,94,13,High,74,19,3
41,88,66,20,83,13,Low,56,29,3
68,98,97,11,96,4,Medium,67,6,1
95,42,69,35,64,11,High,80,24,3
42,76,88,45,94,4,Medium,49,24,1
75,90,45,42,75,10,Low,61,23,3
56,60,91,22,63,3,Medium,77,27,3
46,51,33,49,56,2,Medium,96,11,3
89,72,74,34,95,4,Low,72,13,1
93,96,57,13,80,14,Medium,61,9,3
64,83,95,28,73,13,Medium,83,20,3
99,39,60,27,80,10,Medium,76,16,3
59,71,32,46,78,3,High,52,2,2
92,93,37,39,91,7,Medium,66,4,1
57,50,53,28,81,3,Low,54,28,2
89,95,44,32,66,10,High,61,19,3
66,70,72,25,63,11,High,69,19,3
51,53,60,10,89,7,Low,82,3,3
97,64,74,21,85,5,Medium,79,6,1
49,85,95,33,97,14,High,76,2,3
97,59,37,43,73,13,High,73,11,3
93,86,86,17,94,11,High,83,21,3
46,76,59,27,76,10,Medium,99,11,3
41,64,47,14,74,4,High,73,6,3
51,48,98,35,81,3,Low,97,19,1
46,37,68,39,67,3,Medium,87,22,3
39,55,89,22,95,11,Low,92,27,3
94,59,72,28,67,3,Low,74,16,3
51,36,74,38,86,10,High,81,21,3
79,96,52,12,75,12,High,58,9,3
43,94,98,35,58,12,High,47,18,3
93,65,35,49,84,8,Low,78,13,1
76,54,85,21,57,3,Medium,72,22,3
58,66,33,11,69,11,High,83,28,3
65,30,52,20,91,8,High,67,13,3
81,44,35,37,71,12,Low,76,27,3
36,66,61,27,68,9,Medium,87,2,3
58,42,47,22,79,5,Low,64,27,3
40,37,44,46,77,9,High,75,27,3
62,34,69,31,84,12,Low,56,5,3
35,89,35,21,92,6,High,63,9,3
61,30,92,11,60,11,Medium,60,2,3
80,65,96,46,80,9,Low,41,28,3
87,64,40,16,98,2,High,70,16,2
55,95,72,35,97,7,High,83,19,1
75,92,46,35,88,2,High,72,2,1
58,52,33,33,85,0,High,69,12,2
33,38,92,21,79,12,Low,51,24,3
42,63,97,25,72,12,High,83,3,3
68,75,70,32,68,9,Low,51,2,3
44,33,34,49,61,11,High,90,13,3
58,59,61,18,64,4,Low,96,17,3
58,32,99,41,80,1,Low,88,23,1
61,43,64,24,92,9,High,91,23,3
31,89,51,46,86,13,High,63,11,3
76,74,94,22,86,5,High,63,19,1
51,63,51,14,64,12,High,97,16,3
56,74,40,20,78,9,Medium,99,18,3
96,90,32,19,99,8,High,50,11,2
85,45,38,22,92,0,High,52,4,2
50,95,89,24,75,13,High,66,27,3
76,69,43,16,93,12,Low,47,22,3
88,46,47,49,51,3,High,49,17,3
35,63,52,37,69,14,Low,47,7,3
48,45,76,41,64,0,Low,59,4,3
86,89,98,44,53,0,Low,47,10,3
98,95,76,24,71,7,Low,48,12,1
32,95,59,45,99,13,Medium,46,22,3
30,42,54,30,87,13,High,53,14,3
87,85,57,15,72,12,Low,67,19,3
67,60,54,10,75,13,High,41,27,3
44,63,87,13,60,10,Low,96,23,3
63,68,70,20,77,14,Medium,82,29,3
90,96,54,35,51,1,Low,47,25,3
64,37,77,46,57,0,High,52,28,3
93,84,39,32,78,10,High,60,23,3
54,56,40,38,60,7,Medium,86,5,3
53,82,50,30,86,3,High,67,23,2
41,68,74,36,67,2,High,74,25,3
47,94,36,48,99,12,Low,62,9,3
44,46,93,49,63,11,High,85,14,3
56,59,93,22,59,3,Low,54,11,3
89,82,31,32,84,13,Medium,41,3,3
75,42,71,25,58,10,High,90,9,3
46,50,83,39,84,4,Low,51,7,2
82,48,45,13,60,0,High,96,17,3
37,82,47,49,93,14,Low,91,19,3
56,48,88,25,61,13,Medium,75,18,3
75,86,45,40,52,10,Low,42,7,3
79,54,35,34,88,0,High,44,14,2
32,60,86,21,63,2,Low,42,24,3
93,84,76,35,77,5,High,96,15,1
73,52,77,46,60,0,Medium,86,27,3
82,61,71,42,88,13,Low,58,22,3
53,91,89,37,74,10,High,41,11,3
89,39,33,18,70,11,High,83,25,3
32,83,31,21,59,14,High,76,12,3
49,81,88,14,92,1,Low,93,14,2
75,49,56,37,64,14,Low,56,13,3
44,61,56,44,68,11,Low,53,10,3
54,43,36,14,97,13,Medium,67,5,3
46,79,92,43,71,6,High,66,8,1
38,57,75,43,70,13,High,93,25,3
67,82,92,22,93,13,Medium,49,23,3
77,53,41,48,81,0,Medium,42,3,1
89,51,42,23,99,12,Low,75,8,3
92,59,72,20,72,13,Low,77,10,3
31,92,46,47,62,14,Low,95,6,3
40,33,92,13,54,6,Low,64,16,3
93,88,65,42,53,14,Low,61,19,3
50,37,37,16,77,3,Low,87,5,3
47,41,98,17,63,9,Medium,78,20,3
93,60,65,46,57,13,Medium,86,21,3
67,63,57,19,58,5,Medium,69,27,3
61,78,76,24,84,13,High,60,8,3
40,86,59,47,86,7,High,69,27,1
74,55,52,24,70,8,Low,67,9,2
62,47,45,14,67,5,Medium,70,18,3
70,67,43,38,82,11,High,96,14,3
37,79,81,28,57,10,High,91,25,3
40,37,66,19,98,12,Medium,65,22,3
80,70,58,21,66,14,High,82,29,3
70,35,96,13,92,13,High,61,24,3
46,98,44,40,80,8,Medium,60,12,2
75,73,76,27,83,3,High,40,28,1
61,93,75,25,55,5,Medium,76,2,3
83,58,81,49,71,7,High,52,3,1
49,57,48,45,63,8,Medium,60,18,3
62,40,50,34,52,2,High,85,6,3
69,94,93,32,61,1,High,48,7,3
61,48,66,21,85,5,Medium,56,27,2
31,38,56,43,61,3,High,86,26,3
62,56,84,45,94,0,Medium,60,25,1
59,63,58,46,51,7,Medium,70,8,3
62,73,49,12,51,8,High,78,29,3
55,97,54,18,64,13,Low,98,22,3
51,44,99,27,72,8,High,93,16,2
95,80,92,44,78,1,Low,61,20,1
67,42,65,43,66,8,Low,51,17,3
75,78,31,23,81,6,High,94,26,2
44,99,51,13,56,4,Low,45,14,3
73,85,45,38,79,6,Medium,92,6,1
78,80,47,24,77,12,Medium,55,4,3
90,66,98,37,63,8,Low,65,4,3
96,46,83,25,93,7,Medium,44,20,1
35,87,59,21,79,5,High,48,15,2
38,58,74,14,66,12,Medium,85,17,3
35,62,48,43,81,3,Low,79,23,2
61,89,63,10,95,12,High,53,18,3
70,84,42,48,55,14,Medium,83,28,3
37,39,72,41,73,0,High,81,5,2
79,76,91,35,55,5,Low,69,14,3
91,52,51,26,76,2,Medium,91,9,2
91,50,81,36,67,5,High,91,20,3
36,42,81,33,73,5,High,65,6,2
33,62,65,44,86,13,Medium,92,3,3
35,53,48,48,73,3,High,84,16,2
87,40,67,35,87,1,High,68,3,1
51,46,99,47,83,14,Low,58,12,3
55,97,86,32,89,8,Low,86,14,1
32,76,49,31,96,1,Low,47,24,2
70,54,38,13,64,2,Low,62,11,3
89,50,61,18,60,9,Low,92,4,3
43,41,33,13,71,0,Low,81,6,3
41,66,79,16,73,6,Medium,74,4,2
41,71,34,32,50,14,Low,70,7,3
42,46,49,11,67,0,High,92,14,3
54,77,66,33,93,10,Medium,74,11,3
74,57,51,49,61,8,High,71,20,3
48,70,87,40,92,10,Low,97,9,3
84,76,97,40,77,10,Low,44,19,3
74,47,73,49,89,0,High,55,4,1
37,42,63,43,56,4,High,56,25,3
82,42,71,33,72,6,High,71,25,1
84,60,38,35,70,2,Medium,77,18,2
61,31,36,25,83,8,Low,97,9,3
80,45,97,22,60,7,High,71,11,3
73,38,48,24,71,12,Low,91,3,3
99,67,60,36,91,14,High,59,13,3
47,83,64,13,84,2,Low,87,24,2
51,85,86,25,78,14,Medium,95,7,3
66,74,90,39,91,4,Low,41,3,1
85,63,60,39,77,6,High,59,22,1
88,38,82,45,67,11,Low,86,24,3
32,37,61,12,63,13,Medium,57,25,3
57,36,95,31,67,3,Medium,40,4,3
64,65,88,31,77,4,Low,97,18,1
90,47,39,21,73,2,High,68,8,2
83,32,31,30,57,8,Medium,68,22,3
92,57,95,13,91,9,Medium,58,6,3
36,99,89,40,94,8,Low,83,24,1
78,73,46,40,57,6,Medium,79,2,3
60,50,45,32,53,9,Medium,45,9,3
87,57,45,29,76,1,High,83,13,2
90,83,75,24,85,6,High,78,15,1
53,83,68,32,54,6,High,89,17,3
49,94,60,37,82,10,Low,93,11,3
66,50,30,25,98,4,Medium,85,16,3
33,42,40,46,83,8,Low,47,22,3
49,86,33,30,79,12,Medium,63,25,3
89,78,55,24,57,11,Medium,59,27,3
53,83,79,26,88,10,Medium,93,16,3
79,39,41,46,96,2,High,53,11,2
78,82,94,22,75,3,Low,44,22,1
80,73,76,28,86,0,Low,80,29,1
